Workbook

Sheet Holdings
A1: Symbol | B1: Account | C1: Shares | D1: Avg Cost/Share | E1: Current Price | F1: Total Cost | G1: Current Value | H1: Gain/Loss | I1: Return %
A2: IWM | B2: Robinhood | C2: 0.379 | D2: 263.83 | E2: 277.60001 | F2: =C2*D2 | G2: =C2*E2 | H2: =G2-F2 | I2: =IF(F2=0,0,H2/F2)
A3: AAPL | B3: Robinhood | C3: 0.023 | D3: 255.87 | E3: 300.23001 | F3: =C3*D3 | G3: =C3*E3 | H3: =G3-F3 | I3: =IF(F3=0,0,H3/F3)
A4: AMZN | B4: Robinhood | C4: 0.02 | D4: 248.2 | E4: 264.14001 | F4: =C4*D4 | G4: =C4*E4 | H4: =G4-F4 | I4: =IF(F4=0,0,H4/F4)
A5: JEPI | B5: Robinhood | C5: 0.841 | D5: 59.46 | E5: 55.889999 | F5: =C5*D5 | G5: =C5*E5 | H5: =G5-F5 | I5: =IF(F5=0,0,H5/F5)
A6: SLG | B6: Webull | C6: 1 | D6: 43.39 | E6: 42.450001 | F6: =C6*D6 | G6: =C6*E6 | H6: =G6-F6 | I6: =IF(F6=0,0,H6/F6)
A7: ORCL | B7: Webull | C7: 1 | D7: 175.84 | E7: 192.95 | F7: =C7*D7 | G7: =C7*E7 | H7: =G7-F7 | I7: =IF(F7=0,0,H7/F7)
A8: MSFT | B8: Webull | C8: 0.8 | D8: 326.38 | E8: 421.92001 | F8: =C8*D8 | G8: =C8*E8 | H8: =G8-F8 | I8: =IF(F8=0,0,H8/F8)
A9: C | B9: Webull | C9: 1 | D9: 95.95 | E9: 123.42 | F9: =C9*D9 | G9: =C9*E9 | H9: =G9-F9 | I9: =IF(F9=0,0,H9/F9)
A10: JPM | B10: Webull | C10: 1 | D10: 304.68 | E10: 297.81 | F10: =C10*D10 | G10: =C10*E10 | H10: =G10-F10 | I10: =IF(F10=0,0,H10/F10)
A11: MU | B11: Webull | C11: 0.55 | D11: 153.54 | E11: 724.65997 | F11: =C11*D11 | G11: =C11*E11 | H11: =G11-F11 | I11: =IF(F11=0,0,H11/F11)
A12: WBD | B12: Webull | C12: 5 | D12: 27.75 | E12: 26.98 | F12: =C12*D12 | G12: =C12*E12 | H12: =G12-F12 | I12: =IF(F12=0,0,H12/F12)
A13: LYG | B13: Webull | C13: 10 | D13: 3.7 | E13: 5.0500002 | F13: =C13*D13 | G13: =C13*E13 | H13: =G13-F13 | I13: =IF(F13=0,0,H13/F13)
... A19: T | B19: Webull | C19: 1 | D19: 16.49 | E19: 24.030001 | F19: =C19*D19 | G19: =C19*E19 | H19: =G19-F19 | I19: =IF(F19=0,0,H19/F19)
A20: TOTAL | F20: =SUM(F2:F19) | G20: =SUM(G2:G19) | H20: =SUM(H2:H19) | I20: =IF(F20=0,0,H20/F20)

Sheet Portfolio Summary
A1: PORTFOLIO SUMMARY
A3: Total Invested: | B3: =Holdings!F20
A4: Current Portfolio Value: | B4: =Holdings!G20
A5: Total Gain/Loss: | B5: =Holdings!H20
A6: Overall Return %: | B6: =Holdings!I20
A8: ACCOUNT BREAKDOWN
A9: Robinhood Value: | B9: =SUMIF(Holdings!B:B,"Robinhood",Holdings!G:G)
A10: Webull Value: | B10: =SUMIF(Holdings!B:B,"Webull",Holdings!G:G)

Sheet Position Allocation
A1: Symbol | B1: Current Value | C1: Current %
A2: IWM | B2: =INDEX(Holdings!$G$2:$G$19,MATCH(A2,Holdings!$A$2:$A$19,0)) | C2: =B2/$B$20
A3: AAPL | B3: =INDEX(Holdings!$G$2:$G$19,MATCH(A3,Holdings!$A$2:$A$19,0)) | C3: =B3/$B$20
A4: AMZN | B4: =INDEX(Holdings!$G$2:$G$19,MATCH(A4,Holdings!$A$2:$A$19,0)) | C4: =B4/$B$20
A5: JEPI | B5: =INDEX(Holdings!$G$2:$G$19,MATCH(A5,Holdings!$A$2:$A$19,0)) | C5: =B5/$B$20
A6: SLG | B6: =INDEX(Holdings!$G$2:$G$19,MATCH(A6,Holdings!$A$2:$A$19,0)) | C6: =B6/$B$20
A7: ORCL | B7: =INDEX(Holdings!$G$2:$G$19,MATCH(A7,Holdings!$A$2:$A$19,0)) | C7: =B7/$B$20
A8: MSFT | B8: =INDEX(Holdings!$G$2:$G$19,MATCH(A8,Holdings!$A$2:$A$19,0)) | C8: =B8/$B$20
A9: C | B9: =INDEX(Holdings!$G$2:$G$19,MATCH(A9,Holdings!$A$2:$A$19,0)) | C9: =B9/$B$20
A10: JPM | B10: =INDEX(Holdings!$G$2:$G$19,MATCH(A10,Holdings!$A$2:$A$19,0)) | C10: =B10/$B$20
A11: MU | B11: =INDEX(Holdings!$G$2:$G$19,MATCH(A11,Holdings!$A$2:$A$19,0)) | C11: =B11/$B$20
A12: WBD | B12: =INDEX(Holdings!$G$2:$G$19,MATCH(A12,Holdings!$A$2:$A$19,0)) | C12: =B12/$B$20
A13: LYG | B13: =INDEX(Holdings!$G$2:$G$19,MATCH(A13,Holdings!$A$2:$A$19,0)) | C13: =B13/$B$20
... A19: T | B19: =INDEX(Holdings!$G$2:$G$19,MATCH(A19,Holdings!$A$2:$A$19,0)) | C19: =B19/$B$20
A20: TOTAL | B20: =SUM(B2:B19) | C20: =SUM(C2:C19)

Sheet Optimization
A1: 📊 PORTFOLIO OPTIMIZATION DASHBOARD
A3: KEY METRICS
A4: Portfolio Value: $2,268.08
A5: Total Gain/Loss: $652.07
A6: Return %: 40.35%
A7: Updated: 2026-05-16 20:55:15
A9: PORTFOLIO METRICS
A10: Current Annual Return: 26.44%
A11: Current Risk (Volatility): 14.61%
A12: Current Sharpe Ratio: 1.81
A14: OPTIMAL ALLOCATION METRICS
A15: Optimal Annual Return: 87.05%
... A18: Improvement in Sharpe: 149.4%
